title,author,journal,number,cites,year,cid,pubid
Eleven grand challenges in single-cell data science,"D Lähnemann, J Köster, E Szczurek, DJ McCarthy, SC Hicks, ...",Genome biology,"21 (1), 31",1599,2020,"965377572541802861,7431995279467940563",b0M2c_1WBrUC
Transcriptome-scale spatial gene expression in the human dorsolateral prefrontal cortex,"KR Maynard, L Collado-Torres, LM Weber, C Uytingco, BK Barry, ...",Nature neuroscience,"24 (3), 425-436",1252,2021,"8420795505844844393,5776184756217578829,15625294452731562907",NhqRSupF_l8C
Orchestrating single-cell analysis with Bioconductor,"RA Amezquita, ATL Lun, E Becht, VJ Carey, LN Carpp, L Geistlinger, ...",Nature methods,"17 (2), 137-145",1128,2020,"135421373470239737,2822673763990524967,14056400754795707891",dfsIfKJdRG4C
50 years of data science,D Donoho,Journal of computational and graphical statistics,"26 (4), 745-766",996,2017,"5959906056734493404,6949246178251069699,1970366484531855477,17615472829886398890",a0OBvERweLwC
Missing data and technical variability in single-cell RNA-sequencing experiments,"SC Hicks, FW Townes, M Teng, RA Irizarry",Biostatistics,"19 (4), 562-578",797,2018,"11332841263138483558,13250347930614983477,12958456545369604319",BqipwSGYUEgC
Feature selection and dimension reduction for single-cell RNA-Seq based on a multinomial model,"FW Townes, SC Hicks, MJ Aryee, RA Irizarry",Genome biology,"20 (1), 295",613,2019,"17510139287573669537,10768013015638215146,11960498971101722744,7396851598684742935",fPk4N6BV_jEC
A practical guide to methods controlling false discoveries in computational biology,"K Korthauer, PK Kimes, C Duvallet, A Reyes, A Subramanian, M Teng, ...",Genome biology,"20 (1), 118",489,2019,15717958131233696242,3s1wT3WcHBgC
A systematic evaluation of single-cell RNA-sequencing imputation methods,"W Hou, Z Ji, H Ji, SC Hicks",Genome biology,"21 (1), 218",375,2020,3620974484836483067,EUQCXRtRnyEC
Comparison of outcomes of synthetic mesh vs suture repair of elective primary ventral herniorrhaphy: a systematic review and meta-analysis,"MT Nguyen, RL Berger, SC Hicks, JA Davila, LT Li, LS Kao, MK Liang",JAMA surgery,"149 (5), 415-421",321,2014,808806424052077453,_Qo2XoVZTnwC
Prediction of missense mutation functionality depends on both the algorithm and sequence alignment employed,"S Hicks, DA Wheeler, SE Plon, M Kimmel",Human mutation,"32 (6), 661-668",291,2011,14646696422452183142,ULOm3_A8WrAC
Reproducibility standards for machine learning in the life sciences,"BJ Heil, MM Hoffman, F Markowetz, SI Lee, CS Greene, SC Hicks",Nature methods,"18 (10), 1132-1135",285,2021,15975841541399540021,bnK-pcrLprsC
Development and validation of a risk-stratification score for surgical site occurrence and surgical site infection after open ventral hernia repair,"RL Berger, LT Li, SC Hicks, JA Davila, LS Kao, MK Liang",Journal of the American College of Surgeons,"217 (6), 974-982",255,2013,11779139752629843081,L8Ckcad2t8MC
Single-nucleus transcriptome analysis reveals cell-type-specific molecular signatures across reward circuitry in the human brain,"MN Tran, KR Maynard, A Spangler, LA Huuki, KD Montgomery, ...",Neuron,"109 (19), 3088-3103. e5",232,2021,3974311842433900595,u9iWguZQMMsC
Evolutionary action score of TP53 identifies high-risk mutations associated with decreased survival and increased distant metastases in head and neck cancer,"DM Neskey, AA Osman, TJ Ow, P Katsonis, T McDonald, SC Hicks, ...",Cancer research,"75 (7), 1527-1536",195,2015,8959189266368096362,isC4tDSrTZIC
A guide to teaching data science,"SC Hicks, RA Irizarry",The American Statistician,"72 (4), 382-391",193,2018,15461400876487227824,RGFaLdJalmkC
spatialLIBD: an R/Bioconductor package to visualize spatially-resolved transcriptomics data,"B Pardo, A Spangler, LM Weber, SC Page, SC Hicks, AE Jaffe, ...",BMC genomics,"23 (1), 434",172,2022,17188108716810976456,eJXPG6dFmWUC
SpatialExperiment: infrastructure for spatially-resolved transcriptomics data in R using Bioconductor,"D Righelli, LM Weber, HL Crowell, B Pardo, L Collado-Torres, ...",Bioinformatics,"38 (11), 3128-3131",153,2022,5406283874830224707,tS2w5q8j5-wC
Trans-cutaneous closure of central defects (TCCD) in laparoscopic ventral hernia repairs (LVHR),"ML Clapp, SC Hicks, SS Awad, MK Liang",World journal of surgery,"37 (1), 42-51",151,2013,1239878728946341026,QIV2ME_5wuYC
Single-cell multi-cohort dissection of the schizophrenia transcriptome,"WB Ruzicka, S Mohammadi, JF Fullard, J Davila-Velderrain, S Subburaju, ...",Science,"384 (6698), eadg5136",148,2024,5294621411162682888,kz9GbA2Ns4gC
Smooth quantile normalization,"SC Hicks, K Okrah, JN Paulson, J Quackenbush, RA Irizarry, HC Bravo",Biostatistics,"19 (2), 185-198",148,2018,16027860912248727358,ns9cj8rnVeAC
quantro: a data-driven approach to guide the choice of an appropriate normalization method,"SC Hicks, RA Irizarry",Genome biology,"16 (1), 117",143,2015,"13973105473184459597,8152861871936794617,18293712659709461185,471169309638813513",YFjsv_pBGBYC
Analysis and correction of compositional bias in sparse sequencing count data,"MS Kumar, EV Slud, K Okrah, SC Hicks, S Hannenhalli, H Corrada Bravo",BMC genomics,"19 (1), 799",131,2018,3563854056701485739,35N4QoGY0k4C
nnSVG for the scalable identification of spatially variable genes using nearest-neighbor Gaussian processes,"LM Weber, A Saha, A Datta, KD Hansen, SC Hicks",Nature communications,"14 (1), 4059",117,2023,10093007886147969686,ZuybSZzF8UAC
miQC: An adaptive probabilistic framework for quality control of single-cell RNA-sequencing data,"AA Hippen, MM Falco, LM Weber, EP Erkan, K Zhang, JA Doherty, ...",PLoS computational biology,"17 (8), e1009290",116,2021,1006418420093405019,4fKUyHm3Qg0C
A statistical framework for differential pseudotime analysis with multiple single-cell RNA-seq samples,"W Hou, Z Ji, Z Chen, EJ Wherry, SC Hicks, H Ji",Nature communications,"14 (1), 7286",106,2023,12003247411100553045,q3oQSFYPqjQC
"Patient satisfaction, chronic pain, and functional status following laparoscopic ventral hernia repair","MK Liang, M Clapp, LT Li, RL Berger, SC Hicks, S Awad",World journal of surgery,"37 (3), 530-537",106,2013,17480786341920231918,4DMP91E08xMC
Evolutionary action score of TP53 coding variants is predictive of platinum response in head and neck cancer patients,"AA Osman, DM Neskey, P Katsonis, AA Patel, AM Ward, TK Hsu, ...",Cancer research,"75 (7), 1205-1215",105,2015,"17553376234704102255,13565981374751056669",M3NEmzRMIkIC
Outcomes of laparoscopic vs open repair of primary ventral hernias,"MK Liang, RL Berger, LT Li, JA Davila, SC Hicks, LS Kao",JAMA surgery,148 (11),102,2013,122243937003379419,ZeXyd9-uunAC
A data-driven single-cell and spatial transcriptomic map of the human prefrontal cortex,"LA Huuki-Myers, A Spangler, NJ Eagles, KD Montgomery, SH Kwon, ...",Science,"384 (6698), eadh1938",101,2024,"10946449791211130889,16372720206069364767",TIZ-Mc8IlK0C
Reproducible research: a retrospective,"RD Peng, SC Hicks",Annual review of public health,"42 (1), 79-93",101,2021,15506574259668083530,nb7KW1ujOQ8C
Predictors of incisional surgical site infection in stoma reversal. JAMA Surg.,"MK Liang, LT Li, A Avellaneda, JM Moffett, SC Hicks, SS Awad",,,81,2013,"5014461312474244782,6149522690101467716",9ZlFYXVOiuMC
TreeSummarizedExperiment: a S4 class for data with hierarchical structure,"R Huang, C Soneson, FGM Ernst, KC Rue-Albrecht, G Yu, SC Hicks, ...",F,"F1000Research 9, 1246",80,2021,13843202779048018265,Tiz5es2fbqcC
mbkmeans: Fast clustering for single cell data using mini-batch k-means,"SC Hicks, R Liu, Y Ni, E Purdom, D Risso",PLoS computational biology,"17 (1), e1008625",75,2021,"9664619476381196011,2095880259224042498,5900564722577905727",CHSYGLWDkRkC
Defining and benchmarking open problems in single-cell analysis,"MD Luecken, S Gigante, DB Burkhardt, R Cannoodt, DC Strobl, ...",Nature Biotechnology,"43 (7), 1035-1040",72,2025,8605746436266386701,EYYDruWGBe4C
Suture versus preperitoneal polypropylene mesh for elective umbilical hernia repairs,"RL Berger, LT Li, SC Hicks, MK Liang",journal of surgical research,"192 (2), 426-431",71,2014,9212740126348772634,j3f4tGmQtD8C
Recurrence and pseudorecurrence after laparoscopic ventral hernia repair: predictors and patient-focused outcomes,"SA Carter, SC Hicks, R Brahmbhatt, MK Liang",The American Surgeon,"80 (2), 138-148",71,2014,12529902618129599825,e5wmG9Sq2KIC
Prognostic factors associated with decreased survival in patients with acinic cell carcinoma,"DM Neskey, JD Klein, S Hicks, AS Garden, DM Bell, AK El-Naggar, ...",JAMA Otolaryngology–Head & Neck Surgery,139 (11),70,2013,1104055474596781152,IWHjjKOFINEC
Abdominal reoperation and mesh explantation following open ventral hernia repair with mesh,"MK Liang, LT Li, MT Nguyen, RL Berger, SC Hicks, LS Kao",The American Journal of Surgery,"208 (4), 670-676",60,2014,4788222014267149337,HDshCWvjkbEC
Laparoscopic ventral hernia repair: primary versus secondary hernias,"A Subramanian, ML Clapp, SC Hicks, SS Awad, MK Liang",Journal of Surgical Research,"181 (1), e1-e5",56,2013,9928356958867639449,aqlVkmm33-oC
Circular closure is associated with the lowest rate of surgical site infection following stoma reversal: a systematic review and multiple treatment meta‐analysis,"LT Li, SC Hicks, JA Davila, LS Kao, RL Berger, NA Arita, MK Liang",Colorectal Disease,"16 (6), 406-416",54,2014,14982043226343760134,mB3voiENLucC
Challenges and opportunities to computationally deconvolve heterogeneous tissue with varying cell sizes using single-cell RNA-sequencing datasets,"SK Maden, SH Kwon, LA Huuki-Myers, L Collado-Torres, SC Hicks, ...",Genome biology,"24 (1), 288",53,2023,9031985237389927061,t7zJ5fGR-2UC
Outcomes with porcine acellular dermal matrix versus synthetic mesh and suture in complicated open ventral hernia repair,"MK Liang, RL Berger, MT Nguyen, SC Hicks, LT Li, M Leong",Surgical infections,"15 (5), 506-512",49,2014,10319253395261419167,r0BpntZqJG4C
Differential expression of single‐cell RNA‐seq data using Tweedie models,"H Mallick, S Chatterjee, S Chowdhury, S Chatterjee, A Rahnavard, ...",Statistics in medicine,"41 (18), 3492-3510",45,2022,11804954374123124304,LPZeul_q3PIC
Prevalence of surgical site infection at the stoma site following four skin closure techniques: a retrospective cohort study,"LT Li, R Brahmbhatt, SC Hicks, JA Davila, DH Berger, MK Liang",Digestive surgery,"31 (2), 73-78",45,2014,8303137264937802039,RHpTSmoSYBkC
Performance of computational algorithms to deconvolve heterogeneous bulk ovarian tumor tissue depends on experimental factors,"AA Hippen, DK Omran, LM Weber, E Jung, R Drapkin, JA Doherty, ...",Genome biology,"24 (1), 239",42,2023,"13460990051865140330,11202404643984042721",vDijr-p_gm4C
Identifying risk factors for surgical site complications after laparoscopic ventral hernia repair: evaluation of the Ventral Hernia Working Group grading system,"R Brahmbhatt, SA Carter, SC Hicks, DH Berger, MK Liang",Surgical infections,"15 (3), 187-193",41,2014,5539081919891371024,4JMBOYKVnBMC
"Readmission following open ventral hernia repair: incidence, indications, and predictors","MT Nguyen, LT Li, SC Hicks, JA Davila, JW Suliburk, M Leong, LS Kao, ...",The American Journal of Surgery,"206 (6), 942-949",41,2013,501749249309341251,hC7cP41nSMkC
Outcomes of acute versus elective primary ventral hernia repair,"LT Li, RJ Jafrani, NS Becker, RL Berger, SC Hicks, JA Davila, MK Liang",Journal of Trauma and Acute Care Surgery,"76 (2), 523-528",40,2014,5694245397921560127,TQgYirikUcIC
Genetic demultiplexing of pooled single-cell RNA-sequencing samples in cancer facilitates effective experimental design,"LM Weber, AA Hippen, PF Hickey, KC Berrett, J Gertz, JA Doherty, ...",GigaScience,"10 (9), giab062",39,2021,14828551454243402389,K3LRdlH-MEoC
Review of stoma site and midline incisional hernias after stoma reversal,"MT Nguyen, UR Phatak, LT Li, SC Hicks, JM Moffett, NA Arita, RL Berger, ...",journal of surgical research,"190 (2), 504-509",37,2014,14764684611994988128,R3hNpaxXUhUC
An integrated single-nucleus and spatial transcriptomics atlas reveals the molecular landscape of the human hippocampus,"JR Thompson, ED Nelson, M Tippani, AD Ramnauth, HR Divecha, ...",Nature neuroscience,"28 (9), 1990-2004",35,2025,"15461759537627855663,7873979957256609661",tYavs44e6CUC
Addressing the mean-correlation relationship in co-expression analysis,"Y Wang, SC Hicks, KD Hansen",PLoS computational biology,"18 (3), e1009954",34,2022,"13081913588179793532,3179014214679212187",eq2jaN3J8jMC
methylCC: technology-independent estimation of cell type composition using differentially methylated regions,"SC Hicks, RA Irizarry",Genome Biology,"20 (1), 261",34,2019,"8618498438255452986,5125499993505947234",f2IySw72cVMC
The gene expression landscape of the human locus coeruleus revealed by single-nucleus and spatially-resolved transcriptomics,"LM Weber, HR Divecha, MN Tran, SH Kwon, A Spangler, KD Montgomery, ...",Elife,"12, RP84628",33,2024,"6629490326352518905,16931798795810054441",4MWp96NkSFoC
VistoSeg: Processing utilities for high-resolution images for spatially resolved transcriptomics data,"M Tippani, HR Divecha, JL Catallini II, SH Kwon, LM Weber, A Spangler, ...",Biological Imaging,"3, e23",32,2023,"17682201104767329873,13810610100311166097,11516678732197260701",uWiczbcajpAC
Spatiotemporal analysis of gene expression in the human dentate gyrus reveals age-associated changes in cellular maturation and neuroinflammation,"AD Ramnauth, M Tippani, HR Divecha, AR Papariello, RA Miller, ...",Cell reports,44 (2),30,2025,"16083248161551089491,9788604093431410160",kuK5TVdYjLIC
The tidyomics ecosystem: enhancing omic data analyses,"WJ Hutchison, TJ Keyes, Tidyomics Consortium, HL Crowell, J Serizay, ...",Nature methods,"21 (7), 1166-1170",30,2024,983571435694854412,ipzZ9siozwsC
SpotSweeper: spatially aware quality control for spatial transcriptomics,"M Totty, SC Hicks, B Guo",Nature methods,"22 (7), 1520-1530",27,2025,1379226706829048747,gsN89kCJA0AC
Benchmark of cellular deconvolution methods using a multi-assay dataset from postmortem human prefrontal cortex,"LA Huuki-Myers, KD Montgomery, SH Kwon, S Cinquemani, NJ Eagles, ...",Genome biology,"26 (1), 88",27,2025,8561286803638246341,vbGhcppDl1QC
Open case studies: Statistics and data science education through real-world applications,"C Wright, Q Meng, MR Breshock, L Atta, MA Taub, LR Jager, J Muschelli, ...",Journal of Statistics and Data Science Education,"32 (4), 331-344",24,2024,7998503843678584283,2KloaMYe4IUC
An S/TQ cluster domain census unveils new putative targets under Tel1/Mec1 control,"HC Cheung, FA San Lucas, S Hicks, K Chang, AA Bertuch, ...",BMC genomics,"13 (1), 664",24,2012,13350494607282258220,Wp0gIr-vW9MC
Missing cell types in single-cell references impact deconvolution of bulk data but are detectable,"A Ivich, NR Davidson, L Grieshober, W Li, SC Hicks, JA Doherty, ...",Genome biology,"26 (1), 86",21,2025,15506366322921417974,KUbvn5osdkgC
Design principles for data analysis,"LDA McGowan, RD Peng, SC Hicks",Journal of Computational and Graphical Statistics,"32 (2), 754-761",21,2023,3237699217503715609,sSrBHYA8nusC
Elements and principles for characterizing variation between data analyses,"SC Hicks, RD Peng",arXiv preprint arXiv:,:1903.07639,17,2019,"2695783039337315846,15618806347905656803",1sJd4Hv_s6UC
Diagnosing data analytic problems in the classroom,"RD Peng, A Chen, E Bridgeford, JT Leek, SC Hicks",Journal of Statistics and Data Science Education,"29 (3), 267-276",16,2021,1878505307305962551,5ugPr518TE4C
Activity‐regulated gene expression across cell types of the mouse hippocampus,"ED Nelson, KR Maynard, KR Nicholas, MN Tran, HR Divecha, ...",Hippocampus,"33 (9), 1009-1027",15,2023,12359321504694505187,tKAzc9rXhukC
Performant web-based interactive visualization tool for spatially-resolved transcriptomics experiments,"C Sriworarat, A Nguyen, NJ Eagles, L Collado-Torres, K Martinowich, ...",Biological Imaging,"3, e15",15,2023,13044885779645080344,fEOibwPWpKIC
Quantification and statistical modeling of droplet-based single-nucleus RNA-sequencing data,"A Kuo, KD Hansen, SC Hicks",Biostatistics,"25 (3), 801-817",14,2024,"16495803834932032174,12275010380695644218",9Nmd_mFXekcC
escheR: unified multi-dimensional visualizations with Gestalt principles,"B Guo, LA Huuki-Myers, M Grant-Peters, L Collado-Torres, SC Hicks",Bioinformatics Advances,"3 (1), vbad179",14,2023,8051995108276393838,VLnqNzywnoUC
Fast and memory-efficient scRNA-seq k-means clustering with various distances,"DN Baker, N Dyjack, V Braverman, SC Hicks, B Langmead",Proceedings of the,12th ACM International Conference on Bioinformatics …,14,2021,"13212736361374299905,17196509569529767798",1qzjygNMrQYC
Transcriptomic characterization of human lateral septum neurons reveals conserved and divergent marker genes across species,"RA Phillips, S Oh, SV Bach, Y Du, RA Miller, JE Kleinman, TM Hyde, ...",IScience,28 (2),13,2025,15868259281412812018,g3aElNc5_aQC
Influence of Alzheimer's disease related neuropathology on local microenvironment gene expression in the human inferior temporal cortex,"SH Kwon, S Parthiban, M Tippani, HR Divecha, NJ Eagles, JS Lobana, ...",GEN biotechnology,"2 (5), 399-417",13,2023,1443373274447566733,z_wVstp3MssC
A global transcriptional atlas of the effect of acute sleep deprivation in the mouse frontal cortex,"K Ford, E Zuin, D Righelli, E Medina, H Schoch, K Singletary, C Muheim, ...",Iscience,27 (9),12,2024,4981497300542857602,LI9QrySNdTsC
Interactions of buprenorphine and selective dopamine receptor antagonists in the rat nucleus accumbens,"KD Nantwi, S Hicks, D Bradley Jr, EP Schoener",General Pharmacology: The Vascular System,"31 (3), 425-429",12,1998,9051064276442878189,OTTXONDVkokC
Integrating Spatially‐Resolved Transcriptomics Data Across Tissues and Individuals: Challenges and Opportunities,"B Guo, W Ling, SH Kwon, P Panwar, S Ghazanfar, K Martinowich, ...",Small Methods,"9 (5), 2401194",11,2025,9408410425722238689,_FM0Bhl9EiAC
Data-driven identification of total RNA expression genes for estimation of RNA abundance in heterogeneous cell types highlighted in brain tissue,"LA Huuki-Myers, KD Montgomery, SH Kwon, SC Page, SC Hicks, ...",Genome biology,"24 (1), 233",8,2023,"1670888067331727863,16279809303371072870",epqYDVWIO7EC
Transcriptomic diversity of amygdalar subdivisions across humans and nonhuman primates,"MS Totty, R Cervera Juanes, SV Bach, L Ben Ameur, MR Valentine, ...",Science Advances,"11 (38), eadw1029",7,2025,13538536402366656364,WZBGuue-350C
Spatial domain detection using contrastive self-supervised learning for spatial multi-omics technologies,"J Yao, J Yu, B Caffo, SC Page, K Martinowich, SC Hicks",Genome research,"35 (7), 1621",7,2025,14921179037184263965,BwyfMAYsbu0C
Partnering with authors to enhance reproducibility at JASA,"J Wrobel, EC Hector, L Crawford, LDA McGowan, N da Silva, J Goldsmith, ...",Journal of the American Statistical Association,"119 (546), 795-797",7,2024,2659318945167146383,hMsQuOkrut0C
Spatially-resolved molecular sex differences at single cell resolution in the adult human hypothalamus,"B Mulvey, Y Wang, HR Divecha, SV Bach, KD Montgomery, ...",BioRxiv,,7,2024,"5943313662214626540,11108984589090982405",S16KYo8Pm5AC
A dorsal hippocampus-prodynorphinergic dorsolateral septum-to-lateral hypothalamus circuit mediates contextual gating of feeding,"TD Goode, MX Bernstein, MS Totty, JB Alipio, C Vicidomini, D Pathak, ...",Neuron,,6,2026,9980284527478769211,9c2xU6iGI7YC
Transcriptional dynamics of sleep deprivation and subsequent recovery sleep in the male mouse cortex,"A Popescu, C Ottaway, K Ford, E Medina, TW Patterson, A Ingiosi, ...",Physiological genomics,"57 (7), 431-445",6,2025,"14928393637827295000,5584284298330643688",GtLg2Ama23sC
Statistical analysis of missense mutation classifiers,"S Hicks, SE Plon, M Kimmel",Human mutation,"34 (2), 405-406",6,2013,16230363423707679064,YOwf2qJgpHMC
Detecting differential transcript usage in complex diseases with SPIT,"B Erdogdu, A Varabyou, SC Hicks, SL Salzberg, M Pertea",Cell Reports Methods,4 (3),5,2024,13067577776238446337,0KyAp5RtaNEC
lute: estimating the cell composition of heterogeneous tissue with varying cell sizes using gene expression,"SK Maden, LA Huuki-Myers, SH Kwon, L Collado-Torres, KR Maynard, ...",BMC genomics,"26 (1), 433",4,2025,12256457553029434198,ILKRHgRFtOwC
A scalable and unbiased discordance metric with H+,"N Dyjack, DN Baker, V Braverman, B Langmead, SC Hicks",Biostatistics,"25 (1), 188-202",4,2024,17606562974184709951,PELIpwtuRlgC
Deconvolution reveals compositional differences in high-grade serous ovarian cancer subtypes,"AA Hippen, NR Davidson, ME Barnard, LM Weber, J Gertz, JA Doherty, ...",bioRxiv,2023.06. 14.544991,4,2023,18284214383142745705,nrtMV_XWKgEC
Label-free selection of marker genes in single-cell and spatial transcriptomics with geneCover,"A Wang, S Hicks, D Geman, L Younes",Genome research,35 (12),3,2025,"9744991982974820335,12476474444640136221,5407207687385223997",XvxMoLDsR5gC
Evaluating the success of a data analysis,"SC Hicks, RD Peng",arXiv preprint arXiv:,:1904.11907,3,2019,838175625581086390,cFHS6HbyZ2cC
Pharmacogenetic characterization of naturally occurring germline NT5C1A variants to chemotherapeutic nucleoside analogs,"J Saliba, R Zabriskie, R Ghosh, BC Powell, S Hicks, M Kimmel, Q Meng, ...",Pharmacogenetics and genomics,"26 (6), 271-279",3,2016,8690952195628122942,O3NaXMp0MMsC
Spatiomolecular mapping reveals anatomical organization of heterogeneous cell types in the human nucleus accumbens,"P Ravichandran, SV Bach, RA Phillips III, MR Valentine, NJ Eagles, Y Du, ...",bioRxiv,,2,2025,9870703238937816299,0izLItjtcgwC
Spatial mutual nearest neighbors for spatial transcriptomics data,"H Zhou, P Panwar, B Guo, C Hallinan, S Ghazanfar, SC Hicks",Bioinformatics,"41 (8), btaf403",2,2025,14632818761192370779,M7yex6snE4oC
Spatio-molecular gene expression reflects dorsal anterior cingulate cortex structure and function in the human brain,"K Shah, MS Totty, SV Bach, MR Valentine, A Chandra, HR Divecha, ...",bioRxiv,,2,2025,10146331915857031179,FAceZFleit8C
Addressing the mean–variance relationship in spatially resolved transcriptomics data with spoon,"K Shah, B Guo, SC Hicks",Biostatistics,"26 (1), kxaf012",2,2025,11905826134073374033,e_rmSamDkqQC
Deconvolved tumor adipocyte proportions and high grade serous ovarian carcinoma survival,"A Ivich, L Grieshober, NR Davidson, GY Akatsu, LC Peres, SC Hicks, ...",bioRxiv,2026.01. 14.699527,1,2026,16206609443354404086,mlAyqtXpCwEC
spaTransfer: transfer learning for single-cell and spatial transcriptomics data using non-negative matrix factorization,"C Fang, KD Montgomery, SE Maguire, AD Ramnauth, B Guo, R Miller, ...",bioRxiv,2025.12. 12.694021,1,2025,7699196787896670135,IRz6iEL74y4C
Spotsweeper-py: spatially-aware quality control metrics for spatial omics data in the Python ecosystem,"X Chen, M Totty, SC Hicks",bioRxiv,2025.12. 06.692760,1,2025,8535109787347761167,2VqYfGB8ITEC
Orchestrating spatial transcriptomics analysis with bioconductor,"HL Crowell, Y Dong, I Billato, P Cai, M Emons, S Gunz, B Guo, M Li, ...",bioRxiv,,1,2025,2026556444223383507,umqufdRvDiIC
Can AI reveal the next generation of high-impact bone genomics targets?,"CS Greene, CR Gignoux, M Subirana-Granés, M Pividori, SC Hicks, ...",Bone Reports,"25, 101839",1,2025,1077442383979726636,XoXfffV-tXoC
HuBMAPR: an R client for the HuBMAP data portal,"C Hou, S Ghazanfar, F Marini, M Morgan, SC Hicks",Bioinformatics Advances,"5 (1), vbaf048",1,2025,2067452350420525753,k8Z6L05lTy4C
099 Single-cell RNA sequencing reveals differential gene expression of cancer-associated fibroblast markers in mycosis fungoides by stage and race,"C Johnson, S Solhjoo, W Li, I Ali, K Nash, S Hicks, W Timp",Journal of Investigative Dermatology,"144 (8), S18",1,2024,7154979099061969162,MLfJN-KU85MC
When Women in Statistics Come to Know Their Power,SC Hicks,Chance,"27 (4), 4-5",1,2014,10377313766998478128,HoB7MX3m0LUC
Stoma Site and Midline Incisional Hernias Following Stoma Reversal: A Systematic-Review and Meta-Analysis,"MT Nguyen, UR Phatak, LT Li, SC Hicks, JM Moffett, NA Arita, DH Berger, ...",Journal of Surgical Research,"2 (186), 496",1,2014,8299659258620245417,-f6ydRqryjwC
Risk Factors and Outcomes of Emergency Primary Ventral Hernia Repair,"LT Li, NS Becker, RL Berger, ML Clapp, CK Chu, JA Davis, SC Hicks, ...",Journal of Surgical Research,"2 (179), 187",1,2013,14123223095282328793,qxL8FJ1GzNcC
Mapping spatially organized molecular and genetic signatures of schizophrenia across multiple scales in human prefrontal cortex,"SH Kwon, B Guo, C Fang, M Tippani, SV Bach, RA Miller, SE Maguire, ...",bioRxiv,,0,2026,NA,QYdC8u9Cj1oC
SpatialArtifacts: a computational framework for tissue artifact detection in spatial transcriptomics data,"JH He, JR Thompson, MS Totty, SC Hicks",bioRxiv,2026.05. 15.725260,0,2026,NA,cWzG1nlazyYC
CELLULAR RESOLUTION SPATIAL AND TRANSCRIPTOMIC CHARACTERIZATION OF THE HUMAN LATERAL SEPTUM ACROSS NEUROANATOMICAL AXES,"R Phillips, M Abramson, Y Du, S Bach, S Maguire, R Miller, I Del Rosario, ...",NEUROPSYCHOPHARMACOLOGY,51 (SUPPL 1),0,2026,NA,4vMrXwiscB8C
Statistical Aspects of Trustworthy Machine Learning,"SC Hicks, K Korthauer, X Shen, J Yan, HH Zhang",Journal of Data Science,"24 (1), 1-3",0,2026,NA,HIFyuExEbWQC
Quantifying the Alignment of a Data Analysis Between Analyst and Audience,"LDA McGowan, RD Peng, SC Hicks",Journal of Data Science,"24 (1), 239-253",0,2026,NA,4fGpz3EwCPoC
BatchSVG: identifying batch-biased genes in the application of spatially variable gene detection,"K Shah, C Hou, JR Thompson, SC Hicks",bioRxiv,2025.12. 09.693192,0,2025,NA,WJVC3Jt7v1AC
ClustSIGNAL identifies cell types and subtypes using an adaptive smoothing approach for scalable spatial clustering,"P Panwar, B Guo, H Zhou, SC Hicks, S Ghazanfar",bioRxiv,2025.11. 30.691081,0,2025,NA,_5tno0g5mFcC
Dynamic changes in mRNA isoform usage during human retinal development,"CJ Keuthan, S Parthiban, YY Chang, X Shan, X Chang, E Yan, S Cavalier, ...",bioRxiv,2025.11. 26.689062,0,2025,NA,DUooU5lO8OsC
Spherical PCA: a transparent and scalable approach to quantifying the Waddington Landscape in single-cell RNA-seq data 3144,"L Yuan, X Li, SC Hicks, JM Taube, AS Szalay",The Journal of Immunology,"214 (Supplement_1), vkaf283. 978",0,2025,NA,sNmaIFBj_lkC
Impact of Alzheimer’s disease risk factors and local neuromelanin content on the transcriptomic landscape of the human locus coeruleus,"B Mulvey, HR Divecha, M Tippani, SV Bach, R Bharadwaj, I Del Rosario, ...",bioRxiv,2025.10. 29.685354,0,2025,NA,4hFrxpcac9AC
Single-cell RNA sequencing reveals mast cell heterogeneity in mycosis fungoides with neuroimmune signatures and stage-specific activation,"M Mojena, DB Herrera, S Shahsavari, S Shahsavari, W Li, S Solhjoo, I Ali, ...",European Journal of Cancer,229,0,2025,NA,a9-T7VOCCH8C
Mycosis fungoides disease progression is marked by distinct dendritic cell subtypes and signaling interactions: a single cell rna sequencing study,"DB Herrera, M Mojena, S Shahsavari, S Shahsavari, W Li, S Solhjoo, I Ali, ...",European Journal of Cancer,229,0,2025,NA,HtEfBTGE9r8C
Characterizing intra-and inter-tumor heterogeneity in Ovarian high-grade serous carcinoma subtypes using single-cell and spatial transcriptomics,"W Li, L Grieshober, J Gertz, A Ivich, JA Doherty, CS Greene, SC Hicks",bioRxiv,,0,2025,NA,NXb4pA-qfm4C
Single-cell RNA sequencing identifies subtypes of cancer-associated fibroblasts in early and late stages of mycosis fungoides,"CM Johnson, W Li, S Solhjoo, V Madan, I Ali, K Nash, S Hicks, W Timp",medRxiv,2025.09. 07.25335167,0,2025,NA,anf4URPfarAC
0945 Single cell rna sequencing reveals differential dendritic cell subtypes in early vs. late-stage mycosis fungoides disease,"DB Herrera, W Li, S Solhjoo, I Ali, K Nash, S Hicks, W Timp, C Johnson",Journal of Investigative Dermatology,"145 (8), S164",0,2025,NA,8d8msizDQcsC
Dynamic changes in mRNA isoform usage during human retinal organoid differentiation,"C Keuthan, S Parthiban, W Timp, S Hicks, D Zack",Investigative Ophthalmology & Visual Science,"66 (8), 478-478",0,2025,NA,9pM33mqn1YgC
MAPPING THE HUMAN AMYGDALA THROUGH MULTISCALE SPATIAL TRANSCRIPTOMICS,"M Totty, S Bach, M Valentine, M Tippani, S Maguire, R Miller, I Rosario, ...",NEUROPSYCHOPHARMACOLOGY,"49, 452-453",0,2024,NA,0N-VGjzr574C
Generation of a Spatio-Molecular Atlas of the Human Nucleus Accumbens,"S Bach, P Ravichandran, R Phillips, N Eagles, M Valentine, ...",NEUROPSYCHOPHARMACOLOGY,"49, 150-151",0,2024,NA,Ug5p-4gJ2f0C
T29. SPATIAL-MOLECULAR SEX DIFFERENCES IN THE HUMAN VENTROMEDIAL AND ARCUATE HYPOTHALAMUS,"B Mulvey, Y Wang, HR Divecha, S Bach, KD Montgomery, S Cinquemani, ...",European Neuropsychopharmacology,"87, 171-172",0,2024,NA,oNZyr7d5Mn4C
Analyzing mRNA isoforms in human stem cell-derived retinal neurons using long-read transcriptomics,"CJ Keuthan, S Parthiban, YY Chang, X Chang, E Yan, C Berlinicke, ...",Investigative Ophthalmology & Visual Science,"65 (7), 4697-4697",0,2024,NA,tuHXwOkdijsC
Spatial-Molecular Sex Differences in the Human Ventromedial and Arcuate Hypothalamus,"B Mulvey, S Bach, S Cinquemani, HR Divecha, R Miller, KD Montgomery, ...",NEUROPSYCHOPHARMACOLOGY,"48, 178-178",0,2023,NA,L7CI7m0gUJcC
nnSVG for the Identification of Spatially Variable Genes and Improved Computational Analyses of Spatial Transcriptomic Data From Postmortem Brain Tissue,"L Weber, E Nelson, H Divecha, K Martinowich, S Hicks",NEUROPSYCHOPHARMACOLOGY,"48, 318-319",0,2023,NA,p__nRnzSRKYC
INTEGRATION OF SINGLE-NUCLEUS AND SPATIAL TRANSCRIPTOMICS REVEALS THE MOLECULAR LANDSCAPE OF THE HUMAN ANTERIOR HIPPOCAMPUS,"E Nelson, M Tippani, A Ramnauth, H Divecha, E Pattie, SH Kwon, S Bach, ...",European Neuropsychopharmacology,"75, S24-S25",0,2023,NA,zLWjf1WUPmwC
Modeling Data Analytic Iteration With Probabilistic Outcome Sets,"RD Peng, SC Hicks",arXiv preprint arXiv:,:2309.08494,0,2023,NA,EkHepimYqZsC
Single-cell RNA sequencing of murine nodose ganglia elaborates on lateral asymmetry of sensory vagal signalling,"KY Hui, Q Li, L Liu, LA Goff, SC Hicks, S Kulkarni, TH Moran, PJ Pasricha",NEUROGASTROENTEROLOGY AND MOTILITY,35,0,2023,NA,xtoqd-5pKcoC
"Single Cells, Single Cells, Single All the Way","L Liu, M Li, S Hicks",,2023 Annual Meeting,0,2023,NA,XD-gHx7UXLsC
Profiling the Human Anterior Hippocampus With Spatially-Resolved Transcriptomics,"S Page, A Ramnauth, M Tippani, E Nelson, H Divecha, E Pattie, T Hyde, ...",NEUROPSYCHOPHARMACOLOGY,"47 (SUPPL 1), 63-64",0,2022,NA,uJ-U7cs_P_0C
"536: WANDERING LEFT, WANDERING RIGHT: LATERAL ASYMMETRY OF PERIPHERAL VAGAL SIGNALLING BEGINS IN THE PERIPHERY, AS REVEALED BY SINGLE-CELL RNA SEQUENCING OF MURINE NODOSE GANGLIA","KY Hui, Q Li, L Liu, LA Goff, SC Hicks, S Kulkarni, PJ Pasricha",Gastroenterology,"162 (7), S-124-S-125",0,2022,NA,UHK10RUVsp4C
P89. Spatial Landscape of Gene Expression in the Human Locus Coeruleus,"HR Divecha, LM Weber, SH Kwon, MN Tran, M Tippani, A Spangler, ...",Biological Psychiatry,"91 (9), S123",0,2022,NA,ye4kPcJQO24C
Multi-Omic Approaches for Spatial and Pathological Registration of Gene Expression in Human Cortex,"SH Kwon, M Tippani, A Spangler, H Divecha, K Montgomery, C Bruce, ...",Biological Psychiatry,"91 (9), S85-S86",0,2022,NA,WqliGbK-hY8C
Deconvolving Cell Type Proportions in Human Postmortem Brain Tissue From Bulk RNA-Seq Data,"L Huuki, K Maynard, S Hicks, P Zandi, J Kleinman, T Hyde, FS Goes, ...",NEUROPSYCHOPHARMACOLOGY,"46 (SUPPL 1), 218-218",0,2021,NA,Y5dfb0dijaUC
Software: TreeSummarizedExperiment (v1. 4.8),"R HUANG, SC Hicks, FGM Ernst, C Soneson, KC Rue-Albrecht, ...",Vascular Neurology,,0,2020,NA,mNrWkgRL2YcC
Biostatistics Reviewer List 2018,"D Albers, P Albert, A Alekseyenko, A Almirall, P Andersen, ...",Biostatistics,"20 (1), 180-181",0,2019,NA,rO6llkc54NcC
Abstract A8: Functional analysis of genomic variants identified through whole exome sequencing of pediatric lymphocytic leukemia kindreds,"J Saliba, R Zabriskie, B Powell, S Hicks, M Kimmel, H Cheung, D Ritter, ...",Cancer Research,"74 (20_Supplement), A8-A8",0,2014,NA,TFP_iSt0sucC
Functional analysis of genomic variants identified through whole exome sequencing of pediatric lymphocytic leukemia kindreds,"J Saliba, R Zabriskie, B Powell, S Hicks, M Kimmel, H Cheung, D Ritter, ...",CANCER RESEARCH,74 (20),0,2014,NA,u_35RYKgDlwC
Laparoscopic Repair of Primary Ventral Hernias Does Not Decrease Hernia Recurrence Rates: A systematic Review and Meta-Analysis,"NA Arita, MT Nguyen, RL Berger, SC Hicks, JW Suliburk, LS Kao, ...",Journal of Surgical Research,"2 (186), 675",0,2014,NA,hFOr9nPyWt4C
"Tackling Technical Skills Competency: A Surgical Skills Rating Tool. Thomas J. Wade, and Travis P. Webb............................................................... 1 …","CW Hartin Jr, KD Bass, PL Glick, MG Caty, MT Dayton, DE Ozgediz, ...",Journal of Surgical Research,181 (1),0,2013,NA,maZDTaKrznsC
Development and Validation of a Risk Stratification Score for Identifying Patients at Increased Risk of Surgical Site Infection Following Open Ventral Hernia Repair,"RL Berger, SC Hicks, JA Davila, LT Li, ML Clapp, DH Berger, MK Liang",Journal of Surgical Research,"179 (2), 222-223",0,2013,NA,4TOpqqG69KYC
Probabilistic Models for Genetic and Genomic Data with Missing Information,SC Hicks,Rice University,,0,2013,NA,bEWYMUwI8FkC
Incidental Primary Ventral Hernias: To Repair or Not to Repair,"JA Davis, RL Berger, ML Clapp, NS Becker, C Chu, LT Li, SC Hicks, ...",Journal of Surgical Research,"2 (179), 336",0,2013,NA,M3ejUd6NZC8C
Bernoulli mixture models in application to the evaluation of algorithms estimating functionality of missense mutations,"S Hicks, SE Plon, M Kimmel",BMC Proceedings,"6 (Suppl 6), P15",0,2012,NA,blknAaTinKkC
Functional analysis of genomic variants identified through whole exome sequencing for susceptibility to lymphocytic leukemia,"J Saliba, LR Trevino, Q Meng, R Zabriskie, B Powell, S Hicks, M Kimmel, ...",Cancer Research,"72 (8_Supplement), 5113-5113",0,2012,NA,iH-uZ7U-co4C
Metformin as an early intervention for melanocyte senescence via autophagy-redox balance,"DB Herrera, W Li, S Solhjoo, I Ali, K Nash, S Hicks, W Timp, C Johnson",,,0,NA,NA,LO7wyVUgiFcC
The lute user’s guide,"SK Maden, SC Hicks",,,0,NA,NA,Ri6SYOTghG4C
Hippocam,"RGK Munn, A Wolff, LJ Speers, DK Bilkey, ED Nelson, KR Maynard, ...",,,0,NA,NA,ruyezt5ZtCIC
